Kinase.Gene,Substrate.Gene,Substrate.Mod,Source,log2FC
AKT1,PALLD,S1118,PhosphoSitePlus,-0.745120593116225
AKT1,PEA15,S116,PhosphoSitePlus,4.3533732662963
AKT1,PANK2,S189,PhosphoSitePlus,-0.862355534738459
AKT1,FLNA,S2152,PhosphoSitePlus,-0.827339017661109
AKT1,FLNC,S2233,PhosphoSitePlus,0.249322304374744
AKT1,DBNL,S269,PhosphoSitePlus,-1.33455300185068
AKT1,NDRG2,S332,PhosphoSitePlus,-0.427625239551013
AKT1,PKM,S37,PhosphoSitePlus,0.28295594828059
AKT1,VIM,S39,PhosphoSitePlus,-0.758894702962204
AKT1,PFKFB2,S483,PhosphoSitePlus,0.28722736123382
AKT1,CARHSP1,S52,PhosphoSitePlus,-0.789296576959744
AKT1,HSPB1,S82,PhosphoSitePlus,0.0445648828306713
AKT1,MVD,S96,PhosphoSitePlus,-0.79834482319043
AKT1,PKM,S97,PhosphoSitePlus,0.373268458228322
AKT1,AKT1S1,T246,PhosphoSitePlus,-1.15146197430566
AKT2,FLNC,S2233,PhosphoSitePlus,0.249322304374744
AKT2,LMNA,S390,PhosphoSitePlus,-1.23374066240251
AKT2,ANKRD2,S99,PhosphoSitePlus,0.306168961580331
AURKA,MAPRE3,S176,PhosphoSitePlus,-0.0748655940071146
AURKB,MAPRE3,S176,PhosphoSitePlus,-0.0748655940071146
AURKB,HSP90AB1,S255,PhosphoSitePlus,-0.242904762746641
AURKB,DDX3Y,S592,PhosphoSitePlus,0.0545462131121426
AURKB,DDX3X,S594,PhosphoSitePlus,0.0545462131121426
AURKB,DES,S60,PhosphoSitePlus,0.750659366288937
AURKB,VIM,S73,PhosphoSitePlus,-1.06606243384111
AURKB,DES,T17,PhosphoSitePlus,-0.125531417412649
BUB1,STAT3,S727,PhosphoSitePlus,1.02417339097492
CAMK1,LIPE,S855,PhosphoSitePlus,-2.92119585732395
CAMK2A,TCAP,S157,PhosphoSitePlus,0.78860711783937
CAMK2A,TCAP,S161,PhosphoSitePlus,0.630732512645087
CAMK2A,VIM,S83,PhosphoSitePlus,-4.1840176653053
CAMK2A,PLN,T17,PhosphoSitePlus,0.368122935692136
CAMK2A,CAMK2A,T286,PhosphoSitePlus,-0.0810767077282246
CAMK2B,CAMK2B,T287,PhosphoSitePlus,0.00376851725248839
CAMK2B,CAMK2G,T287,PhosphoSitePlus,-0.0391093322593156
CAMK2D,TTN,S12022,PhosphoSitePlus,0.181319800093212
CAMK2D,TTN,T11969,PhosphoSitePlus,0.771299010854118
CAMK2D,CAMK2B,T287,PhosphoSitePlus,0.00376851725248839
CAMK2D,CAMK2D,T287,PhosphoSitePlus,-0.0810767077282246
CAMK2G,CAMK2G,S280,PhosphoSitePlus,0.240058832524416
CDK1,ADD1,S12,PhosphoSitePlus,-4.29497065313846
CDK1,EEF1D,S133,PhosphoSitePlus,-0.325493519961105
CDK1,FLNA,S1459,PhosphoSitePlus,-3.90525925839892
CDK1,USP24,S2047,PhosphoSitePlus,0.152425697990434
CDK1,LMNA,S22,PhosphoSitePlus,-0.915043642269133
CDK1,BAG3,S289,PhosphoSitePlus,0.436881863166567
CDK1,BAG3,S291,PhosphoSitePlus,0.417713055630609
CDK1,PKM,S37,PhosphoSitePlus,0.28295594828059
CDK1,LMNA,S390,PhosphoSitePlus,-1.23374066240251
CDK1,LMNA,S392,PhosphoSitePlus,-1.09956744728321
CDK1,TMPO,S424,PhosphoSitePlus,-5.83424587470572
CDK1,RPS6KB1,S447,PhosphoSitePlus,0.633411795920887
CDK1,CANX,S583,PhosphoSitePlus,-0.4489764863053
CDK1,PALLD,S641,PhosphoSitePlus,0.27374974243042
CDK1,SQSTM1,T269,PhosphoSitePlus,-0.401828895371226
CDK1,MAP4,T917,PhosphoSitePlus,-0.200229913734976
CDK13,EIF4B,S422,PhosphoSitePlus,0.428090405649117
CDK16,PRKAR1A,S83,PhosphoSitePlus,-0.24148967744832
CDK2,RALY,S135,PhosphoSitePlus,-0.70008127879362
CDK2,SNRNP70,S226,PhosphoSitePlus,-0.518539432068747
CDK2,HNRNPK,S284,PhosphoSitePlus,-0.374261162469662
CDK2,SLAIN2,S48,PhosphoSitePlus,1.0521278917698
CDK2,SORBS3,S563,PhosphoSitePlus,2.98304794623208
CDK2,PRKAR1A,S83,PhosphoSitePlus,-0.24148967744832
CDK2,MYBL2,T515,PhosphoSitePlus,0.265196624081023
CDK2,MYBL2,T518,PhosphoSitePlus,0.265196624081023
CDK2,MYBL2,T520,PhosphoSitePlus,0.265196624081023
CDK4,FLNA,S1459,PhosphoSitePlus,-3.90525925839892
CDK4,FLNA,S2152,PhosphoSitePlus,-0.827339017661109
CDK4,WDR77,T5,PhosphoSitePlus,-0.231710318713745
CDK5,DBN1,S142,PhosphoSitePlus,-1.40191966220243
CDK5,TPPP,S160,PhosphoSitePlus,-0.252600825749359
CDK5,ACSS2,S267,PhosphoSitePlus,0.173713706621369
CDK5,BAG3,S291,PhosphoSitePlus,0.417713055630609
CDK5,PKM,S37,PhosphoSitePlus,0.28295594828059
CDK5,LMNA,S392,PhosphoSitePlus,-1.09956744728321
CDK5,DPYSL3,S522,PhosphoSitePlus,-0.509972190336491
CDK5,STAT3,S727,PhosphoSitePlus,1.02417339097492
CDK6,FLNA,S1459,PhosphoSitePlus,-3.90525925839892
CDK6,FLNA,S2152,PhosphoSitePlus,-0.827339017661109
CDK6,PKM,S37,PhosphoSitePlus,0.28295594828059
CHEK1,LMO7,S1510,PhosphoSitePlus,-0.109165413107957
CHEK1,ADD3,S693,PhosphoSitePlus,-1.32251386913327
CHEK1,GOLGA4,S71,PhosphoSitePlus,-0.975888027101907
CHEK1,ADD2,S713,PhosphoSitePlus,-1.32251386913327
CHEK1,ADD1,S726,PhosphoSitePlus,-1.32251386913327
CHEK1,MAP4,T521,PhosphoSitePlus,-1.78713410375518
CHEK2,PKM,S100,PhosphoSitePlus,0.675791028335812
CHEK2,H1-2,S36,PhosphoSitePlus,-1.0537070539206
CLK1,SNRNP70,S226,PhosphoSitePlus,-0.518539432068747
CSNK2A1,ABCF1,S109,PhosphoSitePlus,-0.0566481314685223
CSNK2A1,PDCD5,S119,PhosphoSitePlus,-0.40896477736185
CSNK2A1,PGRMC1,S181,PhosphoSitePlus,-1.63506340607525
CSNK2A1,MYH2,S1921,PhosphoSitePlus,0.195727158268808
CSNK2A1,MYH9,S1943,PhosphoSitePlus,-1.03710125621063
CSNK2A1,SEPTIN2,S218,PhosphoSitePlus,-1.60735876907543
CSNK2A1,IGF2R,S2484,PhosphoSitePlus,-0.585802726242239
CSNK2A1,HSP90AB1,S255,PhosphoSitePlus,-0.242904762746641
DAPK1,TPM1,S283,PhosphoSitePlus,0.132425141969921
DYRK2,CARHSP1,S41,PhosphoSitePlus,-1.60292301303809
DYRK2,DPYSL3,S522,PhosphoSitePlus,-0.509972190336491
DYRK3,AKT1S1,T246,PhosphoSitePlus,-1.15146197430566
EEF2K,EEF2,T57,PhosphoSitePlus,0.675414607767883
FAM20C,AHSG,S330,PhosphoSitePlus,-2.46896078661093
FER,MAPK1,Y187,PhosphoSitePlus,-0.252092173692296
GSK3A,DES,S28,PhosphoSitePlus,0.443107742569007
GSK3A,DES,S32,PhosphoSitePlus,0.41146381844472
GSK3A,STAT3,S727,PhosphoSitePlus,1.02417339097492
GSK3B,TCAP,S157,PhosphoSitePlus,0.78860711783937
GSK3B,TCAP,S161,PhosphoSitePlus,0.630732512645087
GSK3B,DES,S28,PhosphoSitePlus,0.443107742569007
GSK3B,DES,S32,PhosphoSitePlus,0.41146381844472
GSK3B,BCLAF1,S531,PhosphoSitePlus,-0.97006495203238
GSK3B,ATP2A2,S663,PhosphoSitePlus,0.703997507469069
GSK3B,STAT3,S727,PhosphoSitePlus,1.02417339097492
GSK3B,VDAC1,T107,PhosphoSitePlus,0.4317881490884
IRAK1,STAT3,S727,PhosphoSitePlus,1.02417339097492
JAK2,MAPK1,Y187,PhosphoSitePlus,-0.252092173692296
MAP2K1,MAPK1,T185,PhosphoSitePlus,-0.100873277119568
MAP2K1,MAPK1,Y187,PhosphoSitePlus,-0.252092173692296
MAP4K3,PRKCQ,T538,PhosphoSitePlus,0.420379143615029
MAPK1,TPPP,S160,PhosphoSitePlus,-0.252600825749359
MAPK1,ABI1,S183,PhosphoSitePlus,-1.0235882594006
MAPK1,PGK1,S203,PhosphoSitePlus,-0.768841126711601
MAPK1,HNRNPK,S284,PhosphoSitePlus,-0.374261162469662
MAPK1,ADD1,S358,PhosphoSitePlus,-3.81918239004546
MAPK1,PKM,S37,PhosphoSitePlus,0.28295594828059
MAPK1,RPS6KB1,S447,PhosphoSitePlus,0.633411795920887
MAPK1,FHOD1,S498,PhosphoSitePlus,0.292055301393608
MAPK1,STIM1,S575,PhosphoSitePlus,0.0303666145045248
MAPK1,STAT3,S727,PhosphoSitePlus,1.02417339097492
MAPK1,RPS6KB1,T444,PhosphoSitePlus,0.633411795920887
MAPK1,RPS6KA1,T573,PhosphoSitePlus,0.178337948995546
MAPK12,SQSTM1,T269,PhosphoSitePlus,-0.401828895371226
MAPK13,SQSTM1,T269,PhosphoSitePlus,-0.401828895371226
MAPK14,CRYAB,S59,PhosphoSitePlus,0.511325173370746
MAPK14,STAT3,S727,PhosphoSitePlus,1.02417339097492
MAPK3,ABI1,S183,PhosphoSitePlus,-1.0235882594006
MAPK3,HNRNPK,S284,PhosphoSitePlus,-0.374261162469662
MAPK3,BAG3,S289,PhosphoSitePlus,0.436881863166567
MAPK3,PKM,S37,PhosphoSitePlus,0.28295594828059
MAPK3,BAG3,S377,PhosphoSitePlus,0.415014231137958
MAPK3,FHOD1,S498,PhosphoSitePlus,0.292055301393608
MAPK3,CANX,S583,PhosphoSitePlus,-0.4489764863053
MAPK3,STAT3,S727,PhosphoSitePlus,1.02417339097492
MAPK3,HSPB8,T87,PhosphoSitePlus,0.271770546389189
MAPK6,SVIL,S245,PhosphoSitePlus,0.142525919205027
MAPK8,STAT3,S727,PhosphoSitePlus,1.02417339097492
MAPK9,STAT3,S727,PhosphoSitePlus,1.02417339097492
MAPKAPK2,HSPB1,S15,PhosphoSitePlus,-0.328436499458022
MAPKAPK2,RCSD1,S179,PhosphoSitePlus,0.0634477095778508
MAPKAPK2,HSPB1,S78,PhosphoSitePlus,0.369431909369496
MAPKAPK2,HSPB1,S82,PhosphoSitePlus,0.0445648828306713
MAPKAPK3,HSPB1,S82,PhosphoSitePlus,0.0445648828306713
MASTL,ARPP19,S62,PhosphoSitePlus,-0.79418047396169
MASTL,ENSA,S67,PhosphoSitePlus,-0.79418047396169
MELK,EIF4B,S422,PhosphoSitePlus,0.428090405649117
MTOR,SRRM2,S1318,PhosphoSitePlus,-1.06379504563588
MTOR,AKT1S1,S183,PhosphoSitePlus,-1.37063475831606
MTOR,BAG3,S289,PhosphoSitePlus,0.436881863166567
MYLK,MYL2,S15,PhosphoSitePlus,-0.28976063419684
NEK6,STAT3,S727,PhosphoSitePlus,1.02417339097492
PAK1,FLNA,S2152,PhosphoSitePlus,-0.827339017661109
PAK1,PXN,S258,PhosphoSitePlus,-0.737491677779765
PAK2,PAK2,S141,PhosphoSitePlus,-0.59195708938621
PDK1,PDHA1,S232,PhosphoSitePlus,-0.183158017871603
PDK1,PDHA2,S291,PhosphoSitePlus,-0.264738758133559
PDK1,PDHA1,S293,PhosphoSitePlus,-0.264738758133559
PDK1,PDHA2,S298,PhosphoSitePlus,-0.165475276665159
PDK1,PDHA1,S300,PhosphoSitePlus,-0.165475276665159
PDK2,PDHA1,S232,PhosphoSitePlus,-0.183158017871603
PDK2,PDHA2,S291,PhosphoSitePlus,-0.264738758133559
PDK2,PDHA1,S293,PhosphoSitePlus,-0.264738758133559
PDK2,PDHA2,S298,PhosphoSitePlus,-0.165475276665159
PDK2,PDHA1,S300,PhosphoSitePlus,-0.165475276665159
PDK3,PDHA2,S291,PhosphoSitePlus,-0.264738758133559
PDK3,PDHA1,S293,PhosphoSitePlus,-0.264738758133559
PDK3,PDHA2,S298,PhosphoSitePlus,-0.165475276665159
PDK3,PDHA1,S300,PhosphoSitePlus,-0.165475276665159
PDK4,PDHA1,S232,PhosphoSitePlus,-0.183158017871603
PDK4,PDHA2,S291,PhosphoSitePlus,-0.264738758133559
PDK4,PDHA1,S293,PhosphoSitePlus,-0.264738758133559
PDK4,PDHA2,S298,PhosphoSitePlus,-0.165475276665159
PDK4,PDHA1,S300,PhosphoSitePlus,-0.165475276665159
PDPK1,RPS6KA1,S221,PhosphoSitePlus,0.893726069338408
PDPK1,PDPK1,S241,PhosphoSitePlus,-0.166538979717435
PDPK1,PDHA1,S293,PhosphoSitePlus,-0.264738758133559
PDPK1,PRKACA,T198,PhosphoSitePlus,0.297045519681393
PGK1,VASP,S239,PhosphoSitePlus,-1.42077327886857
PGK1,AKT1S1,T246,PhosphoSitePlus,-1.15146197430566
PIM1,NFATC1,S269,PhosphoSitePlus,0.541249928111196
PIM1,NDRG1,S330,PhosphoSitePlus,-1.28019024354494
PKM,MYL2,Y118,PhosphoSitePlus,-0.194683284953713
PLK1,ACTB,S239,PhosphoSitePlus,0.109341494101045
PLK1,VIM,S83,PhosphoSitePlus,-4.1840176653053
PRKAA1,PDHA1,S295,PhosphoSitePlus,-0.665196396206507
PRKAA1,LIPE,S855,PhosphoSitePlus,-2.92119585732395
PRKAA2,PDHA1,S295,PhosphoSitePlus,-0.665196396206507
PRKAA2,KLC4,S590,PhosphoSitePlus,-1.3816668043267
PRKAB1,PDHA1,S295,PhosphoSitePlus,-0.665196396206507
PRKACA,PRKAR2B,S114,PhosphoSitePlus,-4.71362183861427
PRKACA,CDK16,S119,PhosphoSitePlus,-0.412825499447899
PRKACA,LASP1,S146,PhosphoSitePlus,-5.35726166588126
PRKACA,HSPB6,S16,PhosphoSitePlus,0.168002675347204
PRKACA,PLN,S16,PhosphoSitePlus,0.281941808937601
PRKACA,SLK,S189,PhosphoSitePlus,-0.984526613852361
PRKACA,FLNA,S2152,PhosphoSitePlus,-0.827339017661109
PRKACA,VASP,S239,PhosphoSitePlus,-1.42077327886857
PRKACA,SORBS2,S259,PhosphoSitePlus,-0.859030044178626
PRKACA,NFATC1,S269,PhosphoSitePlus,0.541249928111196
PRKACA,TPPP,S32,PhosphoSitePlus,-0.882566729762418
PRKACA,NDRG1,S330,PhosphoSitePlus,-1.28019024354494
PRKACA,H1-4,S36,PhosphoSitePlus,-1.12106535070384
PRKACA,VIM,S39,PhosphoSitePlus,-0.758894702962204
PRKACA,RAF1,S621,PhosphoSitePlus,-0.272524711682008
PRKACA,AKAP12,S627,PhosphoSitePlus,-0.0416260974791258
PRKACA,PPP1R1A,S67,PhosphoSitePlus,0.153817246859383
PRKACA,MAPT,S673,PhosphoSitePlus,0.111388977033455
PRKACA,VIM,S72,PhosphoSitePlus,-1.04420602755872
PRKACA,ADD1,S726,PhosphoSitePlus,-1.32251386913327
PRKACA,VIM,S73,PhosphoSitePlus,-1.06606243384111
PRKACA,MYOM2,S76,PhosphoSitePlus,0.587845519780816
PRKACA,HSPB1,S78,PhosphoSitePlus,0.369431909369496
PRKACA,HSPB1,S82,PhosphoSitePlus,0.0445648828306713
PRKACA,FXYD1,S83,PhosphoSitePlus,0.21138759635259
PRKACA,DES,T17,PhosphoSitePlus,-0.125531417412649
PRKACA,PRKACA,T198,PhosphoSitePlus,0.297045519681393
PRKAG2,PDHA1,S295,PhosphoSitePlus,-0.665196396206507
PRKCA,EIF4G1,S1185,PhosphoSitePlus,-0.195273079298576
PRKCA,TTN,S12022,PhosphoSitePlus,0.181319800093212
PRKCA,HSPB1,S15,PhosphoSitePlus,-0.328436499458022
PRKCA,ANXA2,S26,PhosphoSitePlus,-0.207320791516823
PRKCA,FLNC,S2624,PhosphoSitePlus,0.504070844853313
PRKCA,PPP1R1A,S67,PhosphoSitePlus,0.153817246859383
PRKCA,VIM,S7,PhosphoSitePlus,-1.36203811040004
PRKCA,ADD2,S713,PhosphoSitePlus,-1.32251386913327
PRKCA,ADD1,S726,PhosphoSitePlus,-1.32251386913327
PRKCB,ANXA2,S26,PhosphoSitePlus,-0.207320791516823
PRKCD,LMNA,S22,PhosphoSitePlus,-0.915043642269133
PRKCD,ADD1,S726,PhosphoSitePlus,-1.32251386913327
PRKCD,STAT3,S727,PhosphoSitePlus,1.02417339097492
PRKCE,STAT3,S727,PhosphoSitePlus,1.02417339097492
PRKCG,ARHGEF7,S518,PhosphoSitePlus,-0.934808846908156
PRKCI,VIM,S39,PhosphoSitePlus,-0.758894702962204
PRKCQ,PDPK1,S241,PhosphoSitePlus,-0.166538979717435
PRKCQ,ARHGEF6,S488,PhosphoSitePlus,-0.944657029740085
PRKCZ,VIM,S39,PhosphoSitePlus,-0.758894702962204
PRKCZ,ADD2,S713,PhosphoSitePlus,-1.32251386913327
PRKCZ,ADD1,S726,PhosphoSitePlus,-1.32251386913327
PRKD1,TCAP,S157,PhosphoSitePlus,0.78860711783937
PRKD1,HSPB6,S16,PhosphoSitePlus,0.168002675347204
PRKD1,TCAP,S161,PhosphoSitePlus,0.630732512645087
PRKD1,OSBP,S240,PhosphoSitePlus,-0.0889339127391058
PRKD1,HSPB1,S82,PhosphoSitePlus,0.0445648828306713
PRKD2,VASP,S239,PhosphoSitePlus,-1.42077327886857
PRKG1,LASP1,S146,PhosphoSitePlus,-5.35726166588126
PRKG1,HSPB1,S15,PhosphoSitePlus,-0.328436499458022
PRKG1,VASP,S239,PhosphoSitePlus,-1.42077327886857
PRKG1,HSPB1,S78,PhosphoSitePlus,0.369431909369496
PRKG1,HSPB1,S82,PhosphoSitePlus,0.0445648828306713
PRKG2,LASP1,S146,PhosphoSitePlus,-5.35726166588126
RAF1,RAF1,S621,PhosphoSitePlus,-0.272524711682008
RET,MAPK1,Y187,PhosphoSitePlus,-0.252092173692296
ROCK1,TPPP,S32,PhosphoSitePlus,-0.882566729762418
ROCK1,DES,S60,PhosphoSitePlus,0.750659366288937
ROCK1,VIM,S72,PhosphoSitePlus,-1.04420602755872
ROCK1,DES,T17,PhosphoSitePlus,-0.125531417412649
ROCK2,ROCK2,S1374,PhosphoSitePlus,4.18876726960927
ROCK2,MYL2,S15,PhosphoSitePlus,-0.28976063419684
ROCK2,VIM,S72,PhosphoSitePlus,-1.04420602755872
RPS6KA1,FLNA,S2152,PhosphoSitePlus,-0.827339017661109
RPS6KA1,NDRG2,S332,PhosphoSitePlus,-0.427625239551013
RPS6KA1,EIF4B,S422,PhosphoSitePlus,0.428090405649117
RPS6KA1,CARHSP1,S52,PhosphoSitePlus,-0.789296576959744
RPS6KA3,PPP1R3A,S46,PhosphoSitePlus,0.322227789364092
RPS6KA3,STAT3,S727,PhosphoSitePlus,1.02417339097492
RPS6KA6,RPS6KA6,S232,PhosphoSitePlus,0.893726069338408
RPS6KB1,NDRG2,S332,PhosphoSitePlus,-0.427625239551013
RPS6KB1,EIF4B,S422,PhosphoSitePlus,0.428090405649117
RPS6KB2,HSPB1,S78,PhosphoSitePlus,0.369431909369496
RPS6KB2,HSPB1,S82,PhosphoSitePlus,0.0445648828306713
SGK1,NDRG1,S330,PhosphoSitePlus,-1.28019024354494
SGK1,NDRG2,S332,PhosphoSitePlus,-0.427625239551013
SGK1,CARHSP1,S52,PhosphoSitePlus,-0.789296576959744
SIK1,TPI1,S21,PhosphoSitePlus,0.133270317789736
SLK,SLK,S189,PhosphoSitePlus,-0.984526613852361
SRC,PAK2,S141,PhosphoSitePlus,-0.59195708938621
STK25,PRKAR1A,S83,PhosphoSitePlus,-0.24148967744832
STK3,PRKCA,S226,PhosphoSitePlus,-0.68397740691042
TBK1,RPS6KB1,S447,PhosphoSitePlus,0.633411795920887
TBK1,RPS6KB1,T444,PhosphoSitePlus,0.633411795920887
TRIB2,PKM,S37,PhosphoSitePlus,0.28295594828059
